Referenz,Menge,Bauteil,Wert / Typ,Status / Hinweis
U1,1,USB-Soundkarte,MIC-IN + Stereo-Kopfhörerausgang,Modell nicht dokumentiert; Pinbelegung und Eingangsbias prüfen
U2,1,Step-Up,5 V auf 12 V,Modell nicht dokumentiert; Ausgang vor Anschluss einstellen
R1,1,Widerstand,22 Ω,V1-Wert bestätigt; Belastbarkeit prüfen
R2,1,Bias-Widerstand,220 Ω,V1-Wert bestätigt; Belastbarkeit prüfen
R3,1,Signal-Serienwiderstand,10 kΩ,V1-Wert bestätigt
R4/R5,2,Mono-Mischwiderstand,gleiche Werte; 100–220 Ω diskutiert,Tatsächlich eingebauter Wert fehlt
C1,1,Filter-Elko,470 µF,"Kapazität bestätigt; Spannungsfestigkeit unbekannt, mindestens 25 V als Nachbauempfehlung"
C2,1,Filter-Keramikkondensator,100 nF,Kapazität bestätigt; mindestens 25 V als Nachbauempfehlung
C3,1,Koppelkondensator,WIMA-Folienkondensator; Wert offen,Nicht mit V2-Einkaufsliste verwechseln; Wert und Spannungsfestigkeit ablesen
J1,1,GA-Mikrofonbuchse,"PJ-068 / 5,23 mm","Ring = Bias und Signal, Sleeve = GND, Tip unbenutzt"
J2,1,Kopfhörerbuchse,"Neutrik NMJ3HF-S / 6,35 mm","Tip = Mono, Sleeve = GND, Ring unbenutzt"
PCB,1,Lochrasterplatine,60 × 40 mm,Vom Erbauer angegebene Größe
CASE,1,Gehäuse + Deckel,Original-STLs,PLA/PETG; Material des Prototyps nicht dokumentiert
M3,4,Heat-Set-Inserts + Schrauben,M3,"Entwurf ca. 4,2-mm-Bohrung / 5-mm-Insert; tatsächliche Hardware prüfen"
MISC,1,"Kabel, Isolierung, Zugentlastung",nach Aufbau,USB-Leiter nicht allein nach Farbe zuordnen
